id,brandId
null-allinonemist,mens-null
null-allinonemist,mens-null
null-allinonemist-c,mens-null
null-allinonemist,mens-null
null-bodywash-re,mens-null
null-bodywash-set,mens-null
null-bodywash_2,mens-null
null-cleansing,mens-null
null-cleansing,mens-null
null-collectivepen,mens-null
null-facelotion,mens-null
null-facelotion,mens-null
null-facelotion-c,mens-null
null-facelotion,mens-null
null-facemilk,mens-null
null-facemilk-c,mens-null
null-giftbox-afw_fbw,mens-null
null-giftbox-afw_fl_fm,mens-null
null-giftbox-hc01_pc,mens-null
null-handcream-01,mens-null
null-honey-wax2,mens-null
null-honey-wax2_2,mens-null
null-naturalbb,mens-null
null-roland-bb-,mens-null
null-roland-bb-2,mens-null
null-roland-bb-,mens-null
null-roland-bb-,mens-null
null-roland-bb-,mens-null
null-roland-bb-,mens-null
null-set-vio,mens-null
null-shoepowder_2,mens-null
null-sunscreen_02,mens-null
null-wrinklecream,mens-null
rolandale-black,mens-null
rolandale-gold,mens-null
rolandale-hangover,mens-null
AM04_sale,iina-style
selfy_code,iina-style
selfy_code_bt,iina-style
selfy_code_bt01,iina-style
is-selfy-,iina-style
selfy_code_bt01a,iina-style
SMH10D-10,iina-style
fixit-shaker-mb_aw,fixit
fixit-shaker-mb,fixit
shaker_300-f-,fixit
shaker_300aw-green,fixit
shaker_300aw-black,fixit
shaker_300aw-black,fixit
IS-BTSP06TV_B,iina-style
sound-collar,iina-style
sound-collar,iina-style
sound-compact-2,iina-style
think_simple-wpc_02,fixit
fixit_towel-f,fixit
towel_awasegai-f,fixit
is-wpcase-,iina-style
design_test,iina-style
iina_glassfilm001,iina-style
iina_glassfilm001-sale,iina-style
nalc-wrinklelotion,NALC
nalc-wrinklemilk,NALC
nalc-wrinkleserum,NALC
null_r_search,mens-null
fixit-dailybasicplus-y,fixit
DD-EFK-5D-E,defend-future
fafra-botanicalmist-,fafra
fafra-botanicalmist-,fafra
weedy-cbddrop10,weedy
weedy-cbddrop5,weedy
DD-RL01,defend-future
nalc-milklotion-set,NALC
fafra-og-handcream,fafra
aimmx-eyebrowmascara,aimmx
aimmx-eyebrowgel,aimmx
daily_basic-plus_chocolate,fixit
DD-FPVP01,defend-future
daily_basic-f-coffee,fixit
daily_basic-f-strawberry,fixit
DAILY-BASIC20-strawberry,fixit
DAILY-BASIC20-vanilla,fixit
DAILY-BASIC20-f-strawberry,fixit
DAILY-BASIC20-f-vanilla,fixit
fixit_bcaa-f,fixit
fixit_funnel,fixit
fixit_smartrack,fixit
is-ftm01,iina-style
ii-HA100GR,iina-style
ii-HA100RG,iina-style
is-rl-case-,iina-style
is-rl-case-ip6sp-yellow,iina-style
is-gf01-ip5se,iina-style
is-gf01-ip6sp,iina-style
is-gf01-ip6s,iina-style
is-gf01-ip7p,iina-style
is-gf01-ip7,iina-style
is-gf01-ip8p,iina-style
is-gf01-ip8,iina-style
is-gf01-ipxsmax,iina-style
is-gf01-ipxr,iina-style
is-gf01-ipx,iina-style
iina-ss01,iina-style
is-btep03,iina-style
is-btep04m-f,iina-style
IS-BTEP05-f-W,iina-style
IS-BTEP05-f-B,iina-style
IS-BTEP10A-BK,iina-style
IS-BTEP10NC-BK,iina-style
IS-BTHP01A-,iina-style
IS-BTSP04S-,iina-style
IS-BTTR10A,iina-style
IS-HC1M-BU,iina-style
IS-SBWF01,iina-style
is-tbsd01,iina-style
IS-WPCS06A-BK,iina-style
IS-WPCS06A-RG,iina-style
IS-WPCS07A-BK,iina-style
IS-WPCS07A-RG,iina-style
IS-WPCS07PA-BK,iina-style
IS-WPCS07PA-RG,iina-style
KGO-1,defend-future
KGO-1KGO-1,defend-future
KGO-1KGOJ-1,defend-future
null-honey-wax,mens-null
null-honey-wax_check,mens-null
IS-MUC01A,iina-style
nalc-handcream,NALC
nalc-milklotion-f,NALC
nalc-sunscreen-f,NALC
null-acne-facewash,mens-null
null-acne-facewash-c,mens-null
null-aftershave-lotion-c,mens-null
null-allinone-gel-c,mens-null
null-allinone-gel,mens-null
null-allinone-gel_2,mens-null
null-allinone-gel_sale,mens-null
null-bbcream-c,mens-null
null-bodywash,mens-null
null-bodywash-c,mens-null
null-deodorant-gel,mens-null
null-deodorant-gel-c,mens-null
null-facesheet,mens-null
null-heraspo,mens-null
null-remover-cream,mens-null
null-set,mens-null
null-shoepowder,mens-null
null-shoepowder-c,mens-null
null-sunscreen,mens-null
null-sunscreen-c,mens-null
null-aftershave-lotion,mens-null
shaker_300,fixit
think_simple-wpc,fixit
think_simple-wpi,fixit
null-honey-wax-paper,mens-null
KAGOME-A8728,defend-future
on401SECS,defend-future
on601SECS,defend-future
null-remover-vio,mens-null
null-remover-cream-f_b,mens-null
TC-HELICON,iina-style
Bushnell,iina-style
WS-50,iina-style
WS-30,iina-style
SMH10-11,iina-style
RL-H4C DB,iina-style
AKG Q701,iina-style
73390-10ï¼¡,iina-style
67700043A,iina-style
67700109,iina-style
67700093,iina-style
73396-10A,iina-style
73391-10A,iina-style
MDR-V6,iina-style
DC34/R,iina-style
CR6002A,iina-style
null-bbcream_2,mens-null
null-bbcream_b,mens-null
is-6phsc-,iina-style
is-6phsc-,iina-style
is-wpsp01-rd-f,iina-style
is-wpsp01-,iina-style
IS-BTEP01-BK-f,iina-style
is-flu-case-,iina-style
IS-BTSP04L--f,iina-style
IS-BTSP03X-,iina-style
IS-BTSP06TV-set,iina-style
IS-BTSP06TV-copy,iina-style
IS-BTSP06TV-copy_2,iina-style
adrobot_import-garden,iina-style
aimmx-eyeshadow,aimmx
aimmx-eyeshadow,aimmx
100000,iina-style
AM01,iina-style
AM01,iina-style
AM01,iina-style
AM02,iina-style
AM02,iina-style
AM03,iina-style
AM04,iina-style
AM04_sale,iina-style
AM04,iina-style
is-btep01-ss-,iina-style
copy-n,iina-style
Pet clean-up kit,iina-style
df01,defend-future
df02,defend-future
daily_basic-plus_,fixit
db-plus-chocolate3kg-f,fixit
DC26,iina-style
DC28,iina-style
DC33,iina-style
DC34,iina-style
DC35,iina-style
DC35,iina-style
DC35,iina-style
DC39,iina-style
DC39,iina-style
DC40,iina-style
DD-EK01RLF2,defend-future
DD-EK02RLF2,defend-future
dd-sb01-,defend-future
DD-WPBP04NV,defend-future
DD-WPBP04NV-B,defend-future
is-drecoder,iina-style
Dyson groom tool,iina-style
Soft dusting brush,iina-style
Multi-angle brush,iina-style
Flexi crevice tool,iina-style
Home cleaning kit,iina-style
Asthma and Allergy Kit,iina-style
Stiff Bristle Brush,iina-style
Mattress tool,iina-style
fafra-botanicalmist,fafra
fafra-botanicalmist,fafra
fafra-botanicalmist-defect,fafra
fafra-botanicalmist-re,fafra
fafra-botanicalmist-set,fafra
fafra-mask-,fafra
fafra-og-bodycream,fafra
fafra-shoepowder,fafra
fafra-shoepowder-2,fafra
fafra-shoepowder,fafra
fafra-shoepowder-c,fafra
fafra-shoepowder-re,fafra
fafra-shoepowder-re,fafra
fafra-shoepowder-set,fafra
fafra-shoepowder-set-b,fafra
feel_natural-f-,fixit
feel_natural-f-_2,fixit
feel_natural_plane,fixit
feel_natural_plane_2,fixit
daily_basic-f-,fixit
daily_basic-f-,fixit
daily_basic-f-,fixit
DAILY-BASIC20-,fixit
daily_basic-f-,fixit
daily_basic-,fixit
fixit_bcaaaw-f,fixit
haw-0001,iina-style
ii-HA100,iina-style
is-sdhc16gb,iina-style
is-sdhc32gb,iina-style
is-sdxc64gb,iina-style
is-btep02-ss2-,iina-style
is-btep02-ss2-,iina-style
is-btep02-ss2-,iina-style
iina-style-lucky-bag-2020,iina-style
iina_002,iina-style
iina_002-1,iina-style
iina_002p,iina-style
iina_002test,iina-style
iina_003p,iina-style
is-095case-,iina-style
is-05case-,iina-style
is-tell-case,iina-style
is-gf01-,iina-style
is-gf01,iina-style
is-gf01,iina-style
is-arumi-case-,iina-style
i-Pong Pro,iina-style
IS-BTHP01A--f,iina-style
IS-BTSP03X-,iina-style
IS-BTSP04S--f,iina-style
IS-WPCS,iina-style
iinobe-magcable-,iina-style
ii-magcable-bara-cable-,iina-style
ii-magcable-bara-adaptor-,iina-style
make_balance-f-,fixit
makebalance-cocoa3,fixit
makebalance-matcha3,fixit
makebalance-plane,fixit
makebalance-plane,fixit
make_balance-f-,fixit
nalc-cleansingbalm,NALC
nalc-cleansingbalm,NALC
nalc-facewash,NALC
nalc-facewash,NALC
nalc-giftbox-cb_wfw_tpg,NALC
nalc-giftbox-ml_hc,NALC
nalc-giftbox-ml_mlr,NALC
nalc-giftbox-mol_ml,NALC
nalc-giftbox-mol_ml_hc,NALC
nalc-handcream-c,NALC
nalc-handcream-re,NALC
nalc-milklotion-c,NALC
nalc-milklotion-re,NALC
nalc-moistlotion,NALC
nalc-threeprotectgel,NALC
nalc-threeprotectgel_2,NALC
nalc-threeprotectgel_4,NALC
nalc-wrinklecream,NALC
null-acne-facewash_b,mens-null
null-allinone-gel_02,mens-null
null-allinonemist,mens-null
null-allinonemist,mens-null
null-allinonemist-c,mens-null
null-allinonemist,mens-null
null-bodywash-re,mens-null
null-bodywash-set,mens-null
null-bodywash_2,mens-null
null-cleansing,mens-null
null-cleansing,mens-null
null-collectivepen,mens-null
null-facelotion,mens-null
null-facelotion,mens-null
null-facelotion-c,mens-null
null-facelotion,mens-null
null-facemilk,mens-null
null-facemilk-c,mens-null
null-giftbox-afw_fbw,mens-null
null-giftbox-afw_fl_fm,mens-null
null-giftbox-hc01_pc,mens-null
null-handcream-01,mens-null
null-honey-wax2,mens-null
null-honey-wax2_2,mens-null
null-naturalbb,mens-null
null-roland-bb-,mens-null
null-roland-bb-2,mens-null
null-roland-bb-,mens-null
null-roland-bb-,mens-null
null-roland-bb-,mens-null
null-roland-bb-,mens-null
null-set-vio,mens-null
null-shoepowder_2,mens-null
null-sunscreen_02,mens-null
null-wrinklecream,mens-null
rolandale-black,mens-null
rolandale-gold,mens-null
rolandale-hangover,mens-null
AM04_sale,iina-style
selfy_code,iina-style
selfy_code_bt,iina-style
selfy_code_bt01,iina-style
is-selfy-,iina-style
selfy_code_bt01a,iina-style
SMH10D-10,iina-style
fixit-shaker-mb_aw,fixit
fixit-shaker-mb,fixit
shaker_300-f-,fixit
shaker_300aw-green,fixit
shaker_300aw-black,fixit
shaker_300aw-black,fixit
IS-BTSP06TV_B,iina-style
sound-collar,iina-style
sound-collar,iina-style
sound-compact-2,iina-style
think_simple-wpc_02,fixit
fixit_towel-f,fixit
towel_awasegai-f,fixit
is-wpcase-,iina-style
design_test,iina-style
iina_glassfilm001,iina-style
iina_glassfilm001-sale,iina-style
nalc-wrinklelotion,NALC
nalc-wrinklemilk,NALC
nalc-wrinkleserum,NALC
null_r_search,mens-null
fixit-dailybasicplus-y,fixit
DD-EFK-5D-E,defend-future
fafra-botanicalmist-,fafra
fafra-botanicalmist-,fafra
weedy-cbddrop10,weedy
weedy-cbddrop5,weedy
DD-RL01,defend-future
nalc-milklotion-set,NALC
fafra-og-handcream,fafra
aimmx-eyebrowmascara,aimmx
aimmx-eyebrowgel,aimmx
daily_basic-plus_chocolate,fixit
DD-FPVP01,defend-future
DD-EK01RLF2P,defend-future
null-perfumecream-citrusmusk,mens-null
daily_basic-f-vanilla,fixit
null-roland-bb-l,mens-null
daily_basic-f-banana,fixit
null-bbcream,mens-null
daily_basic-f-fruitsmix,fixit
feel_natural-f-matcha,fixit
feel_natural-f-cocoa,fixit
null-perfume-cream,mens-null
make_balance-f-cocoa,fixit
make_balance-f-matcha,fixit
DD-EFK-5D,defend-future
null-roland-bb-b,mens-null
aimmx-eyeshadow-02,aimmx
null-naturalbb-02,mens-null
null-collectivepen-02,mens-null
null-naturalbb-01,mens-null
fafra-mask-camel,fafra
100025,
DD-EFK-7D,defend-future
100075,
100061,
100084,
100093,
500004,
aimmx-eyeshadow-01,aimmx
fafra-botanicalmist-gr,fafra
500001,
daily_basic-plus_yogurt,fixit
DD-WPBP03KM,defend-future
shaker_300-f-black,fixit
null-collectivepen-01,mens-null
500006,
500017,
500023,
DD-MHP-M3,defend-future
fafra-mask-gray,fafra
500048,
500002,
100027,
100065,
fafra-botanicalmist-gr-re,fafra
100001,
KGO-1kgo-1,defend-future
fafra-mask-darkgray,fafra
null-aftershave-lotion2,mens-null
fafra-mask-white,fafra
100105,
500042,
500015,
200048,
200047,
400012,
DD-EFK-3D,defend-future
DD-ARMT01,defend-future
DD-PW01A,defend-future
fafra-mask-beige,fafra
100029,
500007,
DD-PWP01,defend-future
100098,
100100,
100099,
100063,
100067,
DD-DRL02-bk,defend-future
100004,
fafra-botanicalmist-gr-set,fafra
null-aftershave-lotion4,mens-null
100046,
100026,
110002,
110001,
100118,
100117,
500030,
100128,
shaker_300-f-green,fixit
DD-PNCH01,defend-future